,Fitness,Player Life,Enemy Life,Time
0,94.02326625757942,90.0,0.0,145.0
1,94.02326625757942,90.0,0.0,145.0
2,94.02326625757942,90.0,0.0,145.0
3,94.02326625757942,90.0,0.0,145.0
4,94.02326625757942,90.0,0.0,145.0
5,94.02326625757942,90.0,0.0,145.0
6,94.02326625757942,90.0,0.0,145.0
7,84.77695410451697,6.0,0.0,338.0
8,75.75297592783951,0.0,10.0,190.0
9,75.75297592783951,0.0,10.0,190.0
