,Fitness,Player Life,Enemy Life,Time
0,92.93193985886488,84.0,0.0,237.0
1,93.33616819497439,88.0,0.0,236.0
2,94.18272016318508,92.0,0.0,151.0
3,93.60956741322126,86.0,0.0,147.0
4,94.79605369405454,98.0,0.0,149.0
5,93.52700044143626,88.0,0.0,195.0
6,94.58936470590373,96.0,0.0,150.0
7,93.72700044143625,90.0,0.0,195.0
8,92.98272016318508,80.0,0.0,151.0
9,94.18272016318508,92.0,0.0,151.0
