,Fitness,Player Life,Enemy Life,Time
0,94.17695410451698,100.0,0.0,338.0
1,91.37695410451698,72.0,0.0,338.0
2,94.02326625757942,90.0,0.0,145.0
3,94.02326625757942,90.0,0.0,145.0
4,94.02326625757942,90.0,0.0,145.0
5,87.89288973525112,36.0,0.0,301.0
6,85.10869011792231,12.0,0.0,442.0
7,94.02326625757942,90.0,0.0,145.0
8,92.70284613236325,86.0,0.0,364.0
9,86.71679627126201,20.0,0.0,197.0
