,Fitness,Player Life,Enemy Life,Time
0,93.72700044143625,90.0,0.0,195.0
1,93.72700044143625,90.0,0.0,195.0
2,93.78272016318508,88.0,0.0,151.0
3,94.25250552318656,94.0,0.0,172.0
4,93.72700044143625,90.0,0.0,195.0
5,93.72700044143625,90.0,0.0,195.0
6,93.72700044143625,90.0,0.0,195.0
7,93.72700044143625,90.0,0.0,195.0
8,93.99605369405454,90.0,0.0,149.0
9,93.7361681949744,92.0,0.0,236.0
