,Fitness,Player Life,Enemy Life,Time
0,89.59342407327507,58.0,0.0,496.0
1,87.72465396891131,38.0,0.0,435.0
2,90.19949082595731,64.0,0.0,493.0
3,90.52695546589959,66.0,0.0,434.0
4,89.64090461150806,58.0,0.0,473.0
5,89.59140997390337,58.0,0.0,497.0
6,90.59342407327507,68.0,0.0,496.0
7,89.02873816020954,50.0,0.0,392.0
8,88.79140997390337,50.0,0.0,497.0
9,89.69736666659863,56.0,0.0,366.0
