,Fitness,Player Life,Enemy Life,Time
0,91.32926227199752,74.0,0.0,433.0
1,87.69744140538643,38.0,0.0,447.0
2,89.89744140538643,60.0,0.0,447.0
3,87.99140997390337,42.0,0.0,497.0
4,89.21858578874553,52.0,0.0,396.0
5,93.02873816020954,90.0,0.0,392.0
6,89.6137913760995,58.0,0.0,486.0
7,89.95974528872259,60.0,0.0,420.0
8,90.19342407327508,64.0,0.0,496.0
9,89.4137913760995,56.0,0.0,486.0
